ID, Name, Age, Department, Salary
1, John Doe, 29, IT, 50000
2, Jane Smith, 35, HR, 60000
3, Alice Johnson, 25, Sales, 45000
4, Bob Brown, 40, IT, 70000
5, Charlie Davis, 38, HR, 65000
6, Eve White, 30, Sales, 48000
7, Frank Green, 33, IT, 55000
8, Grace Miller, 27, HR, 52000
9, Helen Scott, 29, Sales, 47000
10, Ian Lewis, 42, IT, 80000
11, Jack Clark, 34, HR, 63000
12, Karen Young, 41, Sales, 46000
13, Larry King, 28, IT, 59000
14, Monica Wright, 31, HR, 62000
15, Nathan Hall, 37, Sales, 49000
16, Olivia Adams, 25, IT, 54000
17, Peter Nelson, 40, HR, 68000
18, Quentin Carter, 26, Sales, 45000
19, Rachel Evans, 34, IT, 57000
20, Steve Harris, 29, HR, 61000
21, Tom Campbell, 33, Sales, 48000
22, Ursula Jackson, 36, IT, 65000
23, Victor Walker, 39, HR, 70000
24, Wendy Hall, 28, Sales, 46000
25, Xavier Lewis, 32, IT, 72000
26, Yvonne Morgan, 41, HR, 75000
27, Zachary Scott, 30, Sales, 49000
28, Adam Carter, 26, IT, 56000
29, Bella Anderson, 38, HR, 68000
30, Charles Davis, 34, Sales, 50000
31, Diana Harris, 29, IT, 55000
32, Evan Moore, 35, HR, 64000
33, Fiona Robinson, 33, Sales, 48000
34, Greg King, 40, IT, 70000
35, Helen Green, 36, HR, 66000
36, Ivan Clark, 31, Sales, 47000
37, Julia Wright, 29, IT, 53000
38, Kevin Walker, 39, HR, 72000
39, Laura Scott, 30, Sales, 49000
40, Mike Taylor, 33, IT, 56000
41, Nancy White, 38, HR, 68000
42, Oscar Adams, 25, Sales, 46000
43, Paul Johnson, 31, IT, 59000
44, Queenie Roberts, 40, HR, 73000
45, Ryan Scott, 34, Sales, 50000
46, Sally Lewis, 29, IT, 52000
47, Tim Young, 37, HR, 67000
48, Ursula Miller, 41, Sales, 51000
49, Victor Taylor, 33, IT, 60000
50, Wanda Carter, 36, HR, 69000
51, Xavier King, 30, Sales, 48000
52, Yasmine Hall, 29, IT, 55000
53, Zach Green, 38, HR, 65000
54, Adam White, 33, Sales, 47000
55, Bella Taylor, 31, IT, 59000
56, Charles Scott, 34, HR, 67000
57, Diana Young, 37, Sales, 51000
58, Evan Anderson, 29, IT, 53000
59, Fiona King, 40, HR, 71000
60, Greg Walker, 26, Sales, 46000
61, Helen Wright, 32, IT, 58000
62, Ivan Green, 39, HR, 72000
63, Julia Taylor, 30, Sales, 48000
64, Kevin Roberts, 33, IT, 59000
65, Laura Miller, 41, HR, 73000
66, Mike Wright, 28, Sales, 47000
67, Nancy Clark, 34, IT, 57000
68, Oscar Johnson, 35, HR, 65000
69, Paul Walker, 33, Sales, 49000
70, Queenie Taylor, 31, IT, 54000
71, Ryan Anderson, 29, HR, 62000
72, Sally Miller, 38, Sales, 50000
73, Tim Roberts, 40, IT, 70000
74, Ursula Scott, 26, HR, 63000
75, Victor Wright, 35, Sales, 48000
76, Wanda Taylor, 30, IT, 58000
77, Xavier White, 32, HR, 69000
78, Yasmine Johnson, 39, Sales, 51000
79, Zachary Walker, 34, IT, 65000
80, Adam Roberts, 28, HR, 60000
81, Bella Scott, 40, Sales, 53000
82, Charles Taylor, 33, IT, 57000
83, Diana White, 31, HR, 66000
84, Evan Johnson, 29, Sales, 49000
85, Fiona Walker, 36, IT, 69000
86, Greg Miller, 38, HR, 70000
87, Helen Anderson, 30, Sales, 46000
88, Ivan Roberts, 32, IT, 65000
89, Julia Walker, 41, HR, 75000
90, Kevin Taylor, 33, Sales, 48000
91, Laura Green, 27, IT, 56000
92, Mike Roberts, 35, HR, 67000
93, Nancy White, 29, Sales, 47000
94, Oscar Walker, 36, IT, 59000
95, Paul Green, 32, HR, 63000
96, Queenie Miller, 41, Sales, 51000
97, Ryan Walker, 29, IT, 54000
98, Sally Johnson, 34, HR, 68000
99, Tim Anderson, 28, Sales, 49000
100, Ursula Green, 30, IT, 57000
